CHROMOSOME,END,PRIMER,PRIMER_END_STABILITY,PRIMER_GC_PERCENT,PRIMER_HAIRPIN_TH,PRIMER_PENALTY,PRIMER_SELF_ANY_TH,PRIMER_SELF_END_TH,PRIMER_SEQUENCE,PRIMER_TM,REF_OFFSET,START
CHR1,5623,"(18, 24)",3.66,37.5,0.0,5.649557181100647,0.0,0.0,TGAAACAAATTGACTTGGACACAG,58.35044281889935,5581.0,5599
CHR1,5622,"(18, 23)",3.72,34.78260869565217,0.0,5.651386834379537,0.0,0.0,TGAAACAAATTGACTTGGACACA,57.34861316562046,5581.0,5599
CHR1,5656,"(53, 22)",4.75,40.90909090909091,0.0,3.7549650138391826,0.0,0.0,ACAGTCAATAGCAGAAAAGGCA,58.24503498616082,5581.0,5634
CHR1,5704,"(29, 21)",3.71,52.38095238095238,0.0,1.1341892176607757,0.0,0.0,TCGGATCGCTTGAGTAGAGGA,60.134189217660776,5654.0,5683
CHR1,5705,"(30, 21)",3.85,57.142857142857146,0.0,1.00225082968484,0.0,0.0,CGGATCGCTTGAGTAGAGGAC,60.00225082968484,5654.0,5684
CHR1,5772,"(98, 20)",3.72,50.0,0.0,0.7611867047584155,1.0015033643387028,0.0,TTCTCCAAGCTGCTCTGTGT,59.238813295241584,5654.0,5752
CHR1,5772,"(43, 20)",3.72,50.0,0.0,0.7611867047584155,1.0015033643387028,0.0,TTCTCCAAGCTGCTCTGTGT,59.238813295241584,5709.0,5752
CHR1,5892,"(310, 20)",5.69,55.0,45.41557484966205,0.6777311546474039,0.8641860540510038,0.0,TTCCAATGGAGCTTCTGCGG,60.677731154647404,5581.0,5872
CHR1,5892,"(94, 20)",3.53,55.0,39.10248670099867,0.6777311546474039,6.877860554351457,0.0,CCGCAGAAGCTCCATTGGAA,60.677731154647404,5778.0,5872
CHR1,5892,"(44, 20)",3.53,55.0,39.10248670099867,0.6777311546474039,6.877860554351457,0.0,CCGCAGAAGCTCCATTGGAA,60.677731154647404,5828.0,5872
CHR1,5894,"(312, 20)",4.26,55.0,40.049105145463955,0.455004842117944,13.83826703938854,5.482250567662504,GCTTCCAATGGAGCTTCTGC,59.544995157882056,5581.0,5874
CHR1,5894,"(96, 20)",3.86,55.0,37.91125198630323,0.455004842117944,6.877860554351457,12.051156500422053,GCAGAAGCTCCATTGGAAGC,59.544995157882056,5778.0,5874
CHR1,5894,"(46, 20)",3.86,55.0,37.91125198630323,0.455004842117944,6.877860554351457,12.051156500422053,GCAGAAGCTCCATTGGAAGC,59.544995157882056,5828.0,5874
CHR1,5959,"(304, 20)",3.06,55.0,0.0,0.03489583548724795,0.0,0.0,ACCACCCGTCAACTCACATC,59.96510416451275,5654.0,5939
CHR1,6042,"(332, 20)",4.41,55.0,0.0,0.17903159657527112,0.0,0.0,CACCAGTTACACCACCAGCA,60.17903159657527,5709.0,6022
CHR1,6043,"(388, 20)",4.85,55.0,0.0,0.17902882129703812,0.0,0.0,ACACCAGTTACACCACCAGC,60.17902882129704,5654.0,6023
CHR1,6043,"(333, 20)",4.85,55.0,0.0,0.17902882129703812,0.0,0.0,ACACCAGTTACACCACCAGC,60.17902882129704,5709.0,6023
CHR1,6147,"(368, 21)",2.71,42.857142857142854,38.321581048694554,3.5412422120234055,0.0,0.0,TTCCAGATTGGGGTGAAATGT,57.458757787976594,5778.0,6126
CHR1,6147,"(318, 21)",2.71,42.857142857142854,38.321581048694554,3.5412422120234055,0.0,0.0,TTCCAGATTGGGGTGAAATGT,57.458757787976594,5828.0,6126
CHR1,6768,"(55, 25)",3.1,36.0,0.0,6.452242423752864,0.0,0.0,TGTTGACGAAGCAAGTTATTAGAGA,58.547757576247136,6688.0,6743
CHR1,6767,"(55, 24)",2.43,37.5,0.0,6.70605483109955,0.0,0.0,TGTTGACGAAGCAAGTTATTAGAG,57.29394516890045,6688.0,6743
CHR1,7021,"(332, 25)",2.83,28.0,34.86207822513035,7.807686851407311,12.05554728556939,8.30992236712791,CATTTTTTGTGCCAAAATTGACAAA,57.19231314859269,6688.0,6996
CHR11,147,"(35, 20)",4.2,55.0,41.22164505767063,0.1788764257809703,21.470425571506723,0.0,TGTTGACCATGGAGGAGGGA,60.17887642578097,92.0,127
CHR11,148,"(36, 20)",4.3,60.0,41.22164505767063,0.5437494750777319,21.470425571506723,0.0,GTTGACCATGGAGGAGGGAG,59.45625052492227,92.0,128
CHR11,395,"(302, 23)",4.4,43.47826086956522,0.0,5.799681175958256,0.0,0.0,ACTCTACTACTCGAAGTTAGCAC,57.200318824041744,92.0,372
